#CHROM	position	REF	ALT	nucl_pos_codon	parent_codon	parent_aa	child_codon	mutated_aa	mutation_category
NC_063383.1	186165	G	A	1	GAT	D	AAT	N	nonsynonymous
NC_063383.1	55133	G	A	3	CTC	L	CTT	L	synonymous
NC_063383.1	55133	G	A	3	CTC	L	CTT	L	synonymous
NC_063383.1	55133	G	A	3	CTC	L	CTT	L	synonymous
NC_063383.1	55133	G	A	3	CTC	L	CTT	L	synonymous
NC_063383.1	55133	G	A	3	CTC	L	CTT	L	synonymous
NC_063383.1	55133	G	A	3	CTC	L	CTT	L	synonymous
NC_063383.1	100182	G	A	3	AGG	R	AGA	R	synonymous
NC_063383.1	100182	G	A	3	AGG	R	AGA	R	synonymous
NC_063383.1	100182	G	A	3	AGG	R	AGA	R	synonymous
NC_063383.1	143789	G	A	1	GAT	D	AAT	N	nonsynonymous
NC_063383.1	156622	G	A	-	-	-	-	-	intergenic
NC_063383.1	61253	G	A	1	CGT	R	TGT	C	nonsynonymous
NC_063383.1	61253	G	A	1	CGT	R	TGT	C	nonsynonymous
NC_063383.1	149561	G	A	3	TTG	L	TTA	L	synonymous
NC_063383.1	182486	G	A	3	CTG	L	CTA	L	synonymous
NC_063383.1	143708	G	A	1	GAG	E	AAG	K	nonsynonymous
NC_063383.1	62253	G	A	3	ATC	I	ATT	I	synonymous
NC_063383.1	182303	G	A	3	TTG	L	TTA	L	synonymous
NC_063383.1	150087	G	A	3	CCG	P	CCA	P	synonymous
NC_063383.1	150087	G	A	3	CCG	P	CCA	P	synonymous
NC_063383.1	177872	G	A	3	TTG	L	TTA	L	synonymous
NC_063383.1	44107	G	A	1	CTA	L	TTA	L	synonymous
NC_063383.1	22425	G	A	3	GTC	V	GTT	V	synonymous
NC_063383.1	22971	G	A	3	ATC	I	ATT	I	synonymous
NC_063383.1	118391	G	A	3	TTC	F	TTT	F	synonymous
NC_063383.1	12099	G	A	1	CGA	R	TGA	*	nonsense
NC_063383.1	92048	G	A	3	AAG	K	AAA	K	synonymous
NC_063383.1	55173	G	A	3	ATC	I	ATT	I	synonymous
NC_063383.1	130231	G	A	3	CAG	Q	CAA	Q	synonymous
NC_063383.1	159277	G	A	1	GAA	E	AAA	K	nonsynonymous
NC_063383.1	148419	G	A	2	TCC	S	TTC	F	nonsynonymous
NC_063383.1	121374	G	A	-	-	-	-	-	intergenic
NC_063383.1	12128	G	A	2	TCA	S	TTA	L	nonsynonymous
NC_063383.1	52232	G	A	2	TCG	S	TTG	L	nonsynonymous
NC_063383.1	47600	G	A	-	-	-	-	-	intergenic
NC_063383.1	79512	G	A	2	CGA	R	CAA	Q	nonsynonymous
NC_063383.1	138008	G	A	1	CCA	P	TCA	S	nonsynonymous
NC_063383.1	150511	G	A	1	GAT	D	AAT	N	nonsynonymous
NC_063383.1	170785	G	A	1	GAA	E	AAA	K	nonsynonymous
NC_063383.1	6376	G	A	-	-	-	-	-	intergenic
NC_063383.1	13107	G	A	2	TCG	S	TTG	L	nonsynonymous
NC_063383.1	117345	G	A	2	TCT	S	TTT	F	nonsynonymous
NC_063383.1	15876	G	A	-	-	-	-	-	intergenic
NC_063383.1	103240	G	A	1	CTA	L	TTA	L	synonymous
NC_063383.1	103240	G	A	1	CTA	L	TTA	L	synonymous
NC_063383.1	173727	G	A	-	-	-	-	-	intergenic
NC_063383.1	11267	G	A	2	TCG	S	TTG	L	nonsynonymous
NC_063383.1	18540	G	A	1	CGG	R	TGG	W	nonsynonymous
NC_063383.1	55993	G	A	2	TCT	S	TTT	F	nonsynonymous
NC_063383.1	9245	G	A	-	-	-	-	-	intergenic
NC_063383.1	21655	G	A	2	TCG	S	TTG	L	nonsynonymous
NC_063383.1	135221	G	A	-	-	-	-	-	intergenic
NC_063383.1	172542	G	A	3	GTG	V	GTA	V	synonymous
NC_063383.1	63811	G	A	3	TTC	F	TTT	F	synonymous
NC_063383.1	63811	G	A	3	TTC	F	TTT	F	synonymous
NC_063383.1	63811	G	A	3	TTC	F	TTT	F	synonymous
NC_063383.1	63892	G	A	3	TTC	F	TTT	F	synonymous
NC_063383.1	184562	G	A	3	GCG	A	GCA	A	synonymous
NC_063383.1	135719	G	A	-	-	-	-	-	intergenic
NC_063383.1	176536	G	A	2	AGA	R	AAA	K	nonsynonymous
NC_063383.1	155698	G	A	-	-	-	-	-	intergenic
NC_063383.1	161575	G	A	-	-	-	-	-	intergenic
NC_063383.1	173429	G	A	-	-	-	-	-	intergenic
NC_063383.1	1861	G	A	3	GTC	V	GTT	V	synonymous
NC_063383.1	127376	G	A	1	GAT	D	AAT	N	nonsynonymous
NC_063383.1	108050	G	A	3	CTC	L	CTT	L	synonymous
NC_063383.1	133552	G	A	-	-	-	-	-	intergenic
NC_063383.1	142240	G	A	3	TTG	L	TTA	L	synonymous
NC_063383.1	164248	G	A	1	GAA	E	AAA	K	nonsynonymous
NC_063383.1	175093	G	A	1	GAT	D	AAT	N	nonsynonymous
NC_063383.1	70190	G	A	1	GAA	E	AAA	K	nonsynonymous
NC_063383.1	70190	G	A	1	GAA	E	AAA	K	nonsynonymous
NC_063383.1	70190	G	A	1	GAA	E	AAA	K	nonsynonymous
NC_063383.1	165086	G	A	-	-	-	-	-	intergenic
NC_063383.1	190660	G	A	2	AGA	R	AAA	K	nonsynonymous
NC_063383.1	143066	G	A	1	GAT	D	AAT	N	nonsynonymous
NC_063383.1	189048	G	A	-	-	-	-	-	intergenic
NC_063383.1	174642	G	A	3	ATG	M	ATA	I	nonsynonymous
NC_063383.1	5515	G	A	3	ATC	I	ATT	I	synonymous
NC_063383.1	91811	G	A	3	CAG	Q	CAA	Q	synonymous
NC_063383.1	148578	G	A	2	TCT	S	TTT	F	nonsynonymous
NC_063383.1	37250	G	A	3	TTC	F	TTT	F	synonymous
NC_063383.1	159376	G	A	1	GAT	D	AAT	N	nonsynonymous
NC_063383.1	167517	G	A	1	GAA	E	AAA	K	nonsynonymous
NC_063383.1	32715	G	A	2	TCT	S	TTT	F	nonsynonymous
NC_063383.1	32715	G	A	2	TCT	S	TTT	F	nonsynonymous
NC_063383.1	190020	G	A	-	-	-	-	-	intergenic
NC_063383.1	451	G	A	-	-	-	-	-	intergenic
NC_063383.1	153664	G	A	1	GAT	D	AAT	N	nonsynonymous
NC_063383.1	171318	G	A	1	GAG	E	AAG	K	nonsynonymous
NC_063383.1	80450	G	A	3	AAG	K	AAA	K	synonymous
NC_063383.1	126055	G	A	1	GAT	D	AAT	N	nonsynonymous
NC_063383.1	116130	G	A	3	AAG	K	AAA	K	synonymous
NC_063383.1	152202	G	A	-	-	-	-	-	intergenic
NC_063383.1	143463	G	A	2	TGA	*	TAA	*	synonymous
NC_063383.1	146267	G	A	2	TCT	S	TTT	F	nonsynonymous
NC_063383.1	50982	G	A	3	TTG	L	TTA	L	synonymous
NC_063383.1	77807	G	A	2	AGA	R	AAA	K	nonsynonymous
NC_063383.1	77807	G	A	2	AGA	R	AAA	K	nonsynonymous
NC_063383.1	156850	G	A	-	-	-	-	-	intergenic
NC_063383.1	134403	G	A	-	-	-	-	-	intergenic
NC_063383.1	63147	G	A	3	GTC	V	GTT	V	synonymous
NC_063383.1	63147	G	A	3	GTC	V	GTT	V	synonymous
NC_063383.1	63147	G	A	3	GTC	V	GTT	V	synonymous
NC_063383.1	157546	G	A	-	-	-	-	-	intergenic
NC_063383.1	10224	G	A	2	CGA	R	CAA	Q	nonsynonymous
NC_063383.1	129761	G	A	1	GAC	D	AAC	N	nonsynonymous
NC_063383.1	73398	G	A	1	GAA	E	AAA	K	nonsynonymous
NC_063383.1	120241	G	A	1	GAC	D	AAC	N	nonsynonymous
NC_063383.1	170557	G	A	1	GAG	E	AAG	K	nonsynonymous
NC_063383.1	57088	G	A	2	TCA	S	TTA	L	nonsynonymous
NC_063383.1	42504	G	A	3	ATC	I	ATT	I	synonymous
NC_063383.1	74267	G	A	2	CGA	R	CAA	Q	nonsynonymous
NC_063383.1	11924	G	A	2	TCG	S	TTG	L	nonsynonymous
NC_063383.1	4077	G	A	3	CTC	L	CTT	L	synonymous
NC_063383.1	148135	G	A	3	AAG	K	AAA	K	synonymous
NC_063383.1	163714	G	A	1	GAT	D	AAT	N	nonsynonymous
NC_063383.1	182189	G	A	3	TCG	S	TCA	S	synonymous
NC_063383.1	182189	G	A	3	TCG	S	TCA	S	synonymous
NC_063383.1	95871	G	A	1	GAA	E	AAA	K	nonsynonymous
NC_063383.1	98456	G	A	2	GGA	G	GAA	E	nonsynonymous
NC_063383.1	98456	G	A	2	AGA	R	AAA	K	nonsynonymous
NC_063383.1	155585	G	A	-	-	-	-	-	intergenic
NC_063383.1	157353	G	A	-	-	-	-	-	intergenic
NC_063383.1	56365	G	A	2	TCT	S	TTT	F	nonsynonymous
NC_063383.1	71796	G	A	1	GAT	D	AAT	N	nonsynonymous
NC_063383.1	23359	G	A	1	CTT	L	TTT	F	nonsynonymous
NC_063383.1	17463	G	A	2	TCA	S	TTA	L	nonsynonymous
NC_063383.1	53441	G	A	2	TCA	S	TTA	L	nonsynonymous
NC_063383.1	5595	G	A	1	CAG	Q	TAG	*	nonsense
NC_063383.1	186255	G	A	1	GAG	E	AAG	K	nonsynonymous
NC_063383.1	2039	G	A	2	TCA	S	TTA	L	nonsynonymous
NC_063383.1	16213	G	A	3	ATC	I	ATT	I	synonymous
NC_063383.1	78034	G	A	1	GAT	D	AAT	N	nonsynonymous
NC_063383.1	78034	G	A	1	GAT	D	AAT	N	nonsynonymous
NC_063383.1	165465	G	A	2	GGA	G	GAA	E	nonsynonymous
NC_063383.1	156469	G	A	-	-	-	-	-	intergenic
NC_063383.1	156469	G	A	-	-	-	-	-	intergenic
NC_063383.1	26136	G	A	2	TCT	S	TTT	F	nonsynonymous
NC_063383.1	78593	G	A	3	GTG	V	GTA	V	synonymous
NC_063383.1	16333	G	A	3	ATC	I	ATT	I	synonymous
NC_063383.1	11462	G	A	2	TCA	S	TTA	L	nonsynonymous
NC_063383.1	20767	G	A	1	CAA	Q	TAA	*	nonsense
NC_063383.1	149590	G	A	2	CGA	R	CAA	Q	nonsynonymous
NC_063383.1	160391	G	A	-	-	-	-	-	intergenic
NC_063383.1	164459	G	A	2	GGA	G	GAA	E	nonsynonymous
NC_063383.1	94798	G	A	1	GAA	E	AAA	K	nonsynonymous
NC_063383.1	94798	G	A	1	GAA	E	AAA	K	nonsynonymous
NC_063383.1	47702	G	A	-	-	-	-	-	intergenic
NC_063383.1	126047	G	A	2	AGA	R	AAA	K	nonsynonymous
NC_063383.1	149416	G	A	-	-	-	-	-	intergenic
NC_063383.1	108239	G	A	2	TCT	S	TTT	F	nonsynonymous
NC_063383.1	54664	G	A	3	CTG	L	CTA	L	synonymous
NC_063383.1	125815	G	A	2	TCT	S	TTT	F	nonsynonymous
NC_063383.1	188111	G	A	-	-	-	-	-	intergenic
NC_063383.1	138682	G	A	2	TCT	S	TTT	F	nonsynonymous
NC_063383.1	169928	G	A	1	GAT	D	AAT	N	nonsynonymous
NC_063383.1	58518	G	A	3	TTC	F	TTT	F	synonymous
NC_063383.1	63861	G	A	1	CAC	H	TAC	Y	nonsynonymous
NC_063383.1	109844	G	A	3	ATC	I	ATT	I	synonymous
NC_063383.1	10118	G	A	1	GAA	E	AAA	K	nonsynonymous
NC_063383.1	16819	G	A	2	TCA	S	TTA	L	nonsynonymous
NC_063383.1	8638	G	A	-	-	-	-	-	intergenic
NC_063383.1	168738	G	A	2	CGA	R	CAA	Q	nonsynonymous
NC_063383.1	12908	G	A	-	-	-	-	-	intergenic
NC_063383.1	67261	G	A	2	TCA	S	TTA	L	nonsynonymous
NC_063383.1	9963	G	A	2	AGA	R	AAA	K	nonsynonymous
NC_063383.1	152588	G	A	-	-	-	-	-	intergenic
NC_063383.1	112605	G	A	3	TTC	F	TTT	F	synonymous
NC_063383.1	145305	G	A	1	CCG	P	TCG	S	nonsynonymous
NC_063383.1	178435	G	A	-	-	-	-	-	intergenic
NC_063383.1	36617	G	A	2	TCA	S	TTA	L	nonsynonymous
NC_063383.1	46179	G	A	2	TCA	S	TTA	L	nonsynonymous
NC_063383.1	2132	G	A	2	TCA	S	TTA	L	nonsynonymous
NC_063383.1	96835	G	A	1	GAT	D	AAT	N	nonsynonymous
NC_063383.1	168365	G	A	1	GAA	E	AAA	K	nonsynonymous
NC_063383.1	170929	G	A	-	-	-	-	-	intergenic
NC_063383.1	158617	G	A	-	-	-	-	-	intergenic
NC_063383.1	121971	G	A	3	TTC	F	TTT	F	synonymous
NC_063383.1	150376	G	A	1	GAT	D	AAT	N	nonsynonymous
NC_063383.1	187059	G	A	-	-	-	-	-	intergenic
NC_063383.1	72097	G	A	2	TCT	S	TTT	F	nonsynonymous
NC_063383.1	184945	G	A	2	AGA	R	AAA	K	nonsynonymous
NC_063383.1	3698	G	A	1	CTA	L	TTA	L	synonymous
NC_063383.1	33851	G	A	1	CTT	L	TTT	F	nonsynonymous
NC_063383.1	123765	G	A	3	TTC	F	TTT	F	synonymous
NC_063383.1	183939	G	A	1	GAA	E	AAA	K	nonsynonymous
NC_063383.1	181367	G	A	3	CAG	Q	CAA	Q	synonymous
NC_063383.1	176823	G	A	1	GAA	E	AAA	K	nonsynonymous
NC_063383.1	33889	G	A	2	TCA	S	TTA	L	nonsynonymous
NC_063383.1	82853	G	A	3	GTG	V	GTA	V	synonymous
NC_063383.1	158190	G	A	-	-	-	-	-	intergenic
NC_063383.1	74980	G	A	1	GAC	D	AAC	N	nonsynonymous
NC_063383.1	174678	G	A	3	TTG	L	TTA	L	synonymous
NC_063383.1	71227	G	A	1	GAA	E	AAA	K	nonsynonymous
NC_063383.1	158866	G	A	-	-	-	-	-	intergenic
NC_063383.1	162265	G	A	1	GAG	E	AAG	K	nonsynonymous
NC_063383.1	144988	G	A	3	CTC	L	CTT	L	synonymous
NC_063383.1	40625	G	A	3	ATC	I	ATT	I	synonymous
NC_063383.1	101227	G	A	3	ATC	I	ATT	I	synonymous
NC_063383.1	170389	G	A	1	GAA	E	AAA	K	nonsynonymous
NC_063383.1	170698	G	A	1	GAA	E	AAA	K	nonsynonymous
NC_063383.1	170698	G	A	1	GAA	E	AAA	K	nonsynonymous
NC_063383.1	174112	G	A	-	-	-	-	-	intergenic
NC_063383.1	46456	G	A	1	CTG	L	TTG	L	synonymous
NC_063383.1	77643	G	A	3	CCG	P	CCA	P	synonymous
NC_063383.1	133991	G	A	-	-	-	-	-	intergenic
NC_063383.1	151929	G	A	1	GAG	E	AAG	K	nonsynonymous
NC_063383.1	96065	G	A	2	AGA	R	AAA	K	nonsynonymous
NC_063383.1	136995	G	A	1	CTA	L	TTA	L	synonymous
NC_063383.1	70841	G	A	1	GAA	E	AAA	K	nonsynonymous
NC_063383.1	132625	G	A	-	-	-	-	-	intergenic
NC_063383.1	132625	G	A	-	-	-	-	-	intergenic
NC_063383.1	159001	G	A	1	GAT	D	AAT	N	nonsynonymous
NC_063383.1	3821	G	A	1	CTT	L	TTT	F	nonsynonymous
NC_063383.1	65058	G	A	1	GAA	E	AAA	K	nonsynonymous
NC_063383.1	102694	G	A	3	CTG	L	CTA	L	synonymous
NC_063383.1	102694	G	A	3	CTG	L	CTA	L	synonymous
NC_063383.1	2174	G	A	2	TCG	S	TTG	L	nonsynonymous
NC_063383.1	130787	G	A	1	GAG	E	AAG	K	nonsynonymous
NC_063383.1	14611	G	A	3	CTC	L	CTT	L	synonymous
NC_063383.1	14611	G	A	3	CTC	L	CTT	L	synonymous
NC_063383.1	52752	G	A	1	CTA	L	TTA	L	synonymous
NC_063383.1	52752	G	A	1	CTA	L	TTA	L	synonymous
NC_063383.1	177009	G	A	1	GAA	E	AAA	K	nonsynonymous
NC_063383.1	61102	G	A	2	TCT	S	TTT	F	nonsynonymous
NC_063383.1	5783	G	A	2	TCT	S	TTT	F	nonsynonymous
NC_063383.1	118790	G	A	3	GTC	V	GTT	V	synonymous
NC_063383.1	68286	G	A	3	ATC	I	ATT	I	synonymous
NC_063383.1	111084	G	A	3	GTC	V	GTT	V	synonymous
NC_063383.1	98233	G	A	1	GAT	D	AAT	N	nonsynonymous
NC_063383.1	160484	G	A	-	-	-	-	-	intergenic
NC_063383.1	121510	G	A	3	GTC	V	GTT	V	synonymous
NC_063383.1	34308	G	A	2	TCG	S	TTG	L	nonsynonymous
NC_063383.1	85774	G	A	2	AGA	R	AAA	K	nonsynonymous
NC_063383.1	148427	G	A	3	TTC	F	TTT	F	synonymous
NC_063383.1	189258	G	A	3	CTG	L	CTA	L	synonymous
NC_063383.1	45236	G	A	3	ATC	I	ATT	I	synonymous
NC_063383.1	167106	G	A	1	GAA	E	AAA	K	nonsynonymous
NC_063383.1	127678	G	A	3	ATG	M	ATA	I	nonsynonymous
NC_063383.1	144478	G	A	3	AAG	K	AAA	K	synonymous
NC_063383.1	163626	G	A	3	AAG	K	AAA	K	synonymous
NC_063383.1	36545	G	A	2	TCA	S	TTA	L	nonsynonymous
NC_063383.1	163468	G	A	1	GAG	E	AAG	K	nonsynonymous
NC_063383.1	62664	G	A	3	TTC	F	TTT	F	synonymous
NC_063383.1	118710	G	A	2	TCT	S	TTT	F	nonsynonymous
NC_063383.1	164635	G	A	1	GAT	D	AAT	N	nonsynonymous
NC_063383.1	64522	G	A	3	ATC	I	ATT	I	synonymous
NC_063383.1	151801	G	A	2	GGA	G	GAA	E	nonsynonymous
NC_063383.1	169886	G	A	1	GAA	E	AAA	K	nonsynonymous
NC_063383.1	110407	G	A	1	CTG	L	TTG	L	synonymous
NC_063383.1	58506	G	A	3	ATC	I	ATT	I	synonymous
NC_063383.1	75169	G	A	1	GAT	D	AAT	N	nonsynonymous
NC_063383.1	61445	G	A	1	CTA	L	TTA	L	synonymous
NC_063383.1	159243	G	A	3	TCG	S	TCA	S	synonymous
NC_063383.1	111574	G	A	2	TCA	S	TTA	L	nonsynonymous
NC_063383.1	179023	G	A	-	-	-	-	-	intergenic
NC_063383.1	190319	G	A	-	-	-	-	-	intergenic
NC_063383.1	106729	G	A	2	TCT	S	TTT	F	nonsynonymous
NC_063383.1	153873	G	A	3	AAG	K	AAA	K	synonymous
NC_063383.1	143059	G	A	3	TTG	L	TTA	L	synonymous
NC_063383.1	180523	G	A	3	ACG	T	ACA	T	synonymous
NC_063383.1	15437	G	A	-	-	-	-	-	intergenic
NC_063383.1	10648	G	A	1	CTG	L	TTG	L	synonymous
NC_063383.1	29641	G	A	2	TCG	S	TTG	L	nonsynonymous
NC_063383.1	3064	G	A	2	TCA	S	TTA	L	nonsynonymous
NC_063383.1	179416	G	A	1	GAG	E	AAG	K	nonsynonymous
NC_063383.1	158797	G	A	-	-	-	-	-	intergenic
NC_063383.1	62130	G	A	3	TTC	F	TTT	F	synonymous
NC_063383.1	49636	G	A	2	GGA	G	GAA	E	nonsynonymous
NC_063383.1	166391	G	A	3	ATG	M	ATA	I	nonsynonymous
NC_063383.1	18933	G	A	-	-	-	-	-	intergenic
NC_063383.1	90838	G	A	1	GAT	D	AAT	N	nonsynonymous
NC_063383.1	94328	G	A	1	CTA	L	TTA	L	synonymous
NC_063383.1	93828	G	A	1	GAA	E	AAA	K	nonsynonymous
NC_063383.1	49821	G	A	1	GAA	E	AAA	K	nonsynonymous
NC_063383.1	142942	G	A	3	AAG	K	AAA	K	synonymous
NC_063383.1	86004	G	A	1	GAG	E	AAG	K	nonsynonymous
NC_063383.1	21069	G	A	-	-	-	-	-	intergenic
NC_063383.1	20576	G	A	3	CTC	L	CTT	L	synonymous
NC_063383.1	187418	G	A	-	-	-	-	-	intergenic
NC_063383.1	187567	G	A	-	-	-	-	-	intergenic
NC_063383.1	50151	G	A	1	GAC	D	AAC	N	nonsynonymous
NC_063383.1	149818	G	A	2	TGA	*	TAA	*	synonymous
NC_063383.1	149818	G	A	2	TGA	*	TAA	*	synonymous
NC_063383.1	151362	G	A	-	-	-	-	-	intergenic
NC_063383.1	168174	G	A	-	-	-	-	-	intergenic
NC_063383.1	4454	G	A	1	CAT	H	TAT	Y	nonsynonymous
NC_063383.1	28330	G	A	3	ATG	M	ATA	I	nonsynonymous
NC_063383.1	172095	G	A	-	-	-	-	-	intergenic
NC_063383.1	155611	G	A	-	-	-	-	-	intergenic
NC_063383.1	171003	G	A	1	GAA	E	AAA	K	nonsynonymous
NC_063383.1	53787	C	T	1	GAT	D	AAT	N	nonsynonymous
NC_063383.1	20992	C	T	1	GAT	D	AAT	N	nonsynonymous
NC_063383.1	147168	C	T	1	CTT	L	TTT	F	nonsynonymous
NC_063383.1	136035	C	T	-	-	-	-	-	intergenic
NC_063383.1	44220	C	T	2	AGA	R	AAA	K	nonsynonymous
NC_063383.1	44220	C	T	2	AGA	R	AAA	K	nonsynonymous
NC_063383.1	29229	C	T	1	GAT	D	AAT	N	nonsynonymous
NC_063383.1	57492	C	T	1	GAG	E	AAG	K	nonsynonymous
NC_063383.1	76820	C	T	2	CGA	R	CAA	Q	nonsynonymous
NC_063383.1	180154	C	T	1	CTA	L	TTA	L	synonymous
NC_063383.1	185176	C	T	2	TCA	S	TTA	L	nonsynonymous
NC_063383.1	22880	C	T	1	GAG	E	AAG	K	nonsynonymous
NC_063383.1	156429	C	T	-	-	-	-	-	intergenic
NC_063383.1	156429	C	T	-	-	-	-	-	intergenic
NC_063383.1	156509	C	T	-	-	-	-	-	intergenic
NC_063383.1	88757	C	T	1	GAT	D	AAT	N	nonsynonymous
NC_063383.1	77829	C	T	3	TTC	F	TTT	F	synonymous
NC_063383.1	23845	C	T	1	GAC	D	AAC	N	nonsynonymous
NC_063383.1	123899	C	T	1	GAC	D	AAC	N	nonsynonymous
NC_063383.1	43068	C	T	3	CAG	Q	CAA	Q	synonymous
NC_063383.1	40648	C	T	-	-	-	-	-	intergenic
NC_063383.1	144832	C	T	3	ATG	M	ATA	I	nonsynonymous
NC_063383.1	6999	C	T	-	-	-	-	-	intergenic
NC_063383.1	6999	C	T	-	-	-	-	-	intergenic
NC_063383.1	125702	C	T	1	GAT	D	AAT	N	nonsynonymous
NC_063383.1	18133	C	T	3	CCG	P	CCA	P	synonymous
NC_063383.1	66878	C	T	1	GAT	D	AAT	N	nonsynonymous
NC_063383.1	119838	C	T	3	ATC	I	ATT	I	synonymous
NC_063383.1	68675	C	T	3	TCG	S	TCA	S	synonymous
NC_063383.1	22739	C	T	1	GAA	E	AAA	K	nonsynonymous
NC_063383.1	144256	C	T	3	ATC	I	ATT	I	synonymous
NC_063383.1	186124	C	T	2	TCT	S	TTT	F	nonsynonymous
NC_063383.1	189996	C	T	-	-	-	-	-	intergenic
NC_063383.1	32627	C	T	3	CTG	L	CTA	L	synonymous
NC_063383.1	32627	C	T	3	CTG	L	CTA	L	synonymous
NC_063383.1	54012	C	T	1	GAC	D	AAC	N	nonsynonymous
NC_063383.1	134898	C	T	-	-	-	-	-	intergenic
NC_063383.1	86567	C	T	1	GAG	E	AAG	K	nonsynonymous
NC_063383.1	22740	C	T	3	CCG	P	CCA	P	synonymous
NC_063383.1	38937	C	T	2	CGA	R	CAA	Q	nonsynonymous
NC_063383.1	38937	C	T	2	CGA	R	CAA	Q	nonsynonymous
NC_063383.1	113660	C	T	3	ATG	M	ATA	I	nonsynonymous
NC_063383.1	163459	C	T	1	CGA	R	TGA	*	nonsense
NC_063383.1	50007	C	T	1	CAG	Q	TAG	*	nonsense
NC_063383.1	151213	C	T	-	-	-	-	-	intergenic
NC_063383.1	21833	C	T	1	GAT	D	AAT	N	nonsynonymous
NC_063383.1	29887	C	T	3	CCG	P	CCA	P	synonymous
NC_063383.1	3850	C	T	2	CGA	R	CAA	Q	nonsynonymous
NC_063383.1	11562	C	T	1	GAC	D	AAC	N	nonsynonymous
NC_063383.1	786	C	T	-	-	-	-	-	intergenic
NC_063383.1	5404	C	T	3	ATG	M	ATA	I	nonsynonymous
NC_063383.1	134504	C	T	-	-	-	-	-	intergenic
NC_063383.1	179853	C	T	3	TTC	F	TTT	F	synonymous
NC_063383.1	179853	C	T	3	TTC	F	TTT	F	synonymous
NC_063383.1	181495	C	T	2	TCG	S	TTG	L	nonsynonymous
NC_063383.1	181495	C	T	2	TCG	S	TTG	L	nonsynonymous
NC_063383.1	132440	C	T	-	-	-	-	-	intergenic
NC_063383.1	21530	C	T	1	GAA	E	AAA	K	nonsynonymous
NC_063383.1	152033	C	T	3	TTC	F	TTT	F	synonymous
NC_063383.1	13609	C	T	3	GTG	V	GTA	V	synonymous
NC_063383.1	187164	C	T	-	-	-	-	-	intergenic
NC_063383.1	132520	C	T	-	-	-	-	-	intergenic
NC_063383.1	132520	C	T	-	-	-	-	-	intergenic
NC_063383.1	162565	C	T	1	CCA	P	TCA	S	nonsynonymous
NC_063383.1	64426	C	T	3	ACG	T	ACA	T	synonymous
NC_063383.1	190444	C	T	2	TCG	S	TTG	L	nonsynonymous
NC_063383.1	179259	C	T	-	-	-	-	-	intergenic
NC_063383.1	149527	C	T	2	TCA	S	TTA	L	nonsynonymous
NC_063383.1	153729	C	T	3	GTC	V	GTT	V	synonymous
NC_063383.1	142545	C	T	2	TCT	S	TTT	F	nonsynonymous
NC_063383.1	133161	C	T	-	-	-	-	-	intergenic
NC_063383.1	157632	C	T	-	-	-	-	-	intergenic
NC_063383.1	138080	C	T	1	GAG	E	AAG	K	nonsynonymous
NC_063383.1	15947	C	T	2	AGA	R	AAA	K	nonsynonymous
NC_063383.1	163711	C	T	1	CTA	L	TTA	L	synonymous
NC_063383.1	39898	C	T	1	GAT	D	AAT	N	nonsynonymous
NC_063383.1	148933	C	T	1	GAG	E	AAG	K	nonsynonymous
NC_063383.1	175241	C	T	2	TCA	S	TTA	L	nonsynonymous
NC_063383.1	17752	C	T	1	GAG	E	AAG	K	nonsynonymous
NC_063383.1	97153	C	T	1	CTA	L	TTA	L	synonymous
NC_063383.1	136972	C	T	3	TTG	L	TTA	L	synonymous
NC_063383.1	32321	C	T	3	ATG	M	ATA	I	nonsynonymous
NC_063383.1	157598	C	T	-	-	-	-	-	intergenic
NC_063383.1	178546	C	T	-	-	-	-	-	intergenic
NC_063383.1	14796	C	T	1	GAG	E	AAG	K	nonsynonymous
NC_063383.1	76791	C	T	1	GAA	E	AAA	K	nonsynonymous
NC_063383.1	115971	C	T	3	TTC	F	TTT	F	synonymous
NC_063383.1	86622	C	T	3	AAG	K	AAA	K	synonymous
NC_063383.1	176379	C	T	1	CGT	R	TGT	C	nonsynonymous
NC_063383.1	125074	C	T	3	TTC	F	TTT	F	synonymous
NC_063383.1	44740	C	T	1	GAA	E	AAA	K	nonsynonymous
NC_063383.1	80067	C	T	2	TCC	S	TTC	F	nonsynonymous
NC_063383.1	80067	C	T	2	TCC	S	TTC	F	nonsynonymous
NC_063383.1	35969	C	T	1	GAA	E	AAA	K	nonsynonymous
NC_063383.1	25644	C	T	-	-	-	-	-	intergenic
NC_063383.1	25644	C	T	-	-	-	-	-	intergenic
NC_063383.1	25644	C	T	-	-	-	-	-	intergenic
NC_063383.1	66249	C	T	1	CTG	L	TTG	L	synonymous
NC_063383.1	177847	C	T	2	TCA	S	TTA	L	nonsynonymous
NC_063383.1	125660	C	T	1	GAC	D	AAC	N	nonsynonymous
NC_063383.1	148534	C	T	1	GAT	D	AAT	N	nonsynonymous
NC_063383.1	127530	C	T	2	TCA	S	TTA	L	nonsynonymous
NC_063383.1	148771	C	T	1	GAT	D	AAT	N	nonsynonymous
NC_063383.1	139055	C	T	1	GAG	E	AAG	K	nonsynonymous
NC_063383.1	99542	C	T	2	TCT	S	TTT	F	nonsynonymous
NC_063383.1	134850	C	T	-	-	-	-	-	intergenic
NC_063383.1	159741	C	T	3	TTC	F	TTT	F	synonymous
NC_063383.1	115870	C	T	1	CTA	L	TTA	L	synonymous
NC_063383.1	5292	C	T	1	GAC	D	AAC	N	nonsynonymous
NC_063383.1	67757	C	T	1	GAT	D	AAT	N	nonsynonymous
NC_063383.1	40862	C	T	3	TCG	S	TCA	S	synonymous
NC_063383.1	15562	C	T	-	-	-	-	-	intergenic
NC_063383.1	186970	C	T	2	TCT	S	TTT	F	nonsynonymous
NC_063383.1	103258	C	T	1	GAT	D	AAT	N	nonsynonymous
NC_063383.1	4529	C	T	1	GAT	D	AAT	N	nonsynonymous
NC_063383.1	57173	C	T	2	TGA	*	TAA	*	synonymous
NC_063383.1	12842	C	T	2	AGA	R	AAA	K	nonsynonymous
NC_063383.1	54365	C	T	2	CGA	R	CAA	Q	nonsynonymous
NC_063383.1	160426	C	T	-	-	-	-	-	intergenic
NC_063383.1	114955	C	T	1	GAT	D	AAT	N	nonsynonymous
NC_063383.1	116175	C	T	3	CTC	L	CTT	L	synonymous
NC_063383.1	32761	C	T	1	GAA	E	AAA	K	nonsynonymous
NC_063383.1	40784	C	T	3	CCG	P	CCA	P	synonymous
NC_063383.1	28887	C	T	1	GAA	E	AAA	K	nonsynonymous
NC_063383.1	54262	C	T	3	CCG	P	CCA	P	synonymous
NC_063383.1	86391	C	T	3	ATG	M	ATA	I	nonsynonymous
NC_063383.1	103786	C	T	1	GAA	E	AAA	K	nonsynonymous
NC_063383.1	160088	C	T	-	-	-	-	-	intergenic
NC_063383.1	37048	C	T	3	TTG	L	TTA	L	synonymous
NC_063383.1	80545	C	T	2	TCA	S	TTA	L	nonsynonymous
NC_063383.1	24929	C	T	1	GAT	D	AAT	N	nonsynonymous
NC_063383.1	122649	C	T	1	GAT	D	AAT	N	nonsynonymous
NC_063383.1	130606	C	T	3	TTC	F	TTT	F	synonymous
NC_063383.1	56259	C	T	3	CAG	Q	CAA	Q	synonymous
NC_063383.1	188946	C	T	-	-	-	-	-	intergenic
NC_063383.1	70780	C	T	3	GTC	V	GTT	V	synonymous
NC_063383.1	70780	C	T	3	GTC	V	GTT	V	synonymous
NC_063383.1	32909	C	T	3	TCG	S	TCA	S	synonymous
NC_063383.1	190668	C	T	1	CGA	R	TGA	*	nonsense
NC_063383.1	190668	C	T	1	CGA	R	TGA	*	nonsense
NC_063383.1	44333	C	T	3	ATG	M	ATA	I	nonsynonymous
NC_063383.1	27953	C	T	3	ATG	M	ATA	I	nonsynonymous
NC_063383.1	33103	C	T	1	GAA	E	AAA	K	nonsynonymous
NC_063383.1	33103	C	T	1	GAA	E	AAA	K	nonsynonymous
NC_063383.1	114490	C	T	1	GAT	D	AAT	N	nonsynonymous
NC_063383.1	133295	C	T	-	-	-	-	-	intergenic
NC_063383.1	126202	C	T	1	CCG	P	TCG	S	nonsynonymous
NC_063383.1	51777	C	T	1	GAA	E	AAA	K	nonsynonymous
NC_063383.1	177845	C	T	3	ATC	I	ATT	I	synonymous
NC_063383.1	67289	C	T	1	GAA	E	AAA	K	nonsynonymous
NC_063383.1	51885	C	T	1	GAG	E	AAG	K	nonsynonymous
NC_063383.1	87017	C	T	1	GAT	D	AAT	N	nonsynonymous
NC_063383.1	4592	C	T	1	GAG	E	AAG	K	nonsynonymous
NC_063383.1	92865	C	T	1	CTG	L	TTG	L	synonymous
NC_063383.1	133750	C	T	-	-	-	-	-	intergenic
NC_063383.1	89906	C	T	2	TCT	S	TTT	F	nonsynonymous
NC_063383.1	45605	C	T	3	TTG	L	TTA	L	synonymous
NC_063383.1	120237	C	T	3	GTC	V	GTT	V	synonymous
NC_063383.1	150831	C	T	-	-	-	-	-	intergenic
NC_063383.1	188491	C	T	-	-	-	-	-	intergenic
NC_063383.1	40980	C	T	2	AGA	R	AAA	K	nonsynonymous
NC_063383.1	63120	C	T	3	GTG	V	GTA	V	synonymous
NC_063383.1	105222	C	T	3	TCG	S	TCA	S	synonymous
NC_063383.1	141757	C	T	1	CTG	L	TTG	L	synonymous
NC_063383.1	101074	C	T	3	TTG	L	TTA	L	synonymous
NC_063383.1	124558	C	T	3	ATC	I	ATT	I	synonymous
NC_063383.1	73609	C	T	2	TCG	S	TTG	L	nonsynonymous
NC_063383.1	113740	C	T	1	GAT	D	AAT	N	nonsynonymous
NC_063383.1	143845	C	T	3	ATC	I	ATT	I	synonymous
NC_063383.1	136374	C	T	1	GAT	D	AAT	N	nonsynonymous
NC_063383.1	57857	C	T	1	GAA	E	AAA	K	nonsynonymous
NC_063383.1	143277	C	T	2	TCT	S	TTT	F	nonsynonymous
NC_063383.1	23345	C	T	3	AAG	K	AAA	K	synonymous
NC_063383.1	23353	C	T	1	GAT	D	AAT	N	nonsynonymous
NC_063383.1	23356	C	T	1	GAC	D	AAC	N	nonsynonymous
NC_063383.1	15004	C	T	3	TTG	L	TTA	L	synonymous
NC_063383.1	180825	C	T	2	TCT	S	TTT	F	nonsynonymous
NC_063383.1	48317	C	T	3	CTC	L	CTT	L	synonymous
NC_063383.1	174842	C	T	2	TCT	S	TTT	F	nonsynonymous
NC_063383.1	15057	C	T	1	GAT	D	AAT	N	nonsynonymous
NC_063383.1	143997	C	T	2	TCG	S	TTG	L	nonsynonymous
NC_063383.1	148268	C	T	-	-	-	-	-	intergenic
NC_063383.1	74417	C	T	2	TCG	S	TTG	L	nonsynonymous
NC_063383.1	95004	C	T	3	TTC	F	TTT	F	synonymous
NC_063383.1	57919	C	T	2	AGA	R	AAA	K	nonsynonymous
NC_063383.1	58904	C	T	1	GAA	E	AAA	K	nonsynonymous
NC_063383.1	135057	C	T	-	-	-	-	-	intergenic
NC_063383.1	159779	C	T	2	TCA	S	TTA	L	nonsynonymous
NC_063383.1	84008	C	T	3	TTC	F	TTT	F	synonymous
NC_063383.1	151204	C	T	-	-	-	-	-	intergenic
NC_063383.1	8552	C	T	-	-	-	-	-	intergenic
NC_063383.1	8597	C	T	-	-	-	-	-	intergenic
NC_063383.1	133557	C	T	-	-	-	-	-	intergenic
NC_063383.1	127245	C	T	3	GTC	V	GTT	V	synonymous
NC_063383.1	127245	C	T	3	GTC	V	GTT	V	synonymous
NC_063383.1	132437	C	T	-	-	-	-	-	intergenic
NC_063383.1	183790	C	T	2	TCG	S	TTG	L	nonsynonymous
NC_063383.1	3837	C	T	3	ACG	T	ACA	T	synonymous
NC_063383.1	13653	C	T	1	GAT	D	AAT	N	nonsynonymous
NC_063383.1	116100	C	T	3	TTC	F	TTT	F	synonymous
NC_063383.1	21998	C	T	1	GAT	D	AAT	N	nonsynonymous
NC_063383.1	128585	C	T	3	CTC	L	CTT	L	synonymous
NC_063383.1	132970	C	T	-	-	-	-	-	intergenic
NC_063383.1	141143	C	T	3	TTC	F	TTT	F	synonymous
NC_063383.1	187154	C	T	-	-	-	-	-	intergenic
NC_063383.1	11787	C	T	1	GAT	D	AAT	N	nonsynonymous
NC_063383.1	168943	C	T	-	-	-	-	-	intergenic
NC_063383.1	25539	C	T	-	-	-	-	-	intergenic
NC_063383.1	156437	C	T	-	-	-	-	-	intergenic
NC_063383.1	73616	C	T	3	CTC	L	CTT	L	synonymous
NC_063383.1	54123	C	T	1	GAA	E	AAA	K	nonsynonymous
NC_063383.1	100640	C	T	3	GTC	V	GTT	V	synonymous
NC_063383.1	34432	C	T	1	GAG	E	AAG	K	nonsynonymous
NC_063383.1	71464	C	T	2	TCG	S	TTG	L	nonsynonymous
NC_063383.1	57110	C	T	1	GAA	E	AAA	K	nonsynonymous
NC_063383.1	16968	C	T	3	ACG	T	ACA	T	synonymous
NC_063383.1	96773	C	T	2	TCG	S	TTG	L	nonsynonymous
NC_063383.1	109432	C	T	1	GAT	D	AAT	N	nonsynonymous
NC_063383.1	142356	C	T	2	TCC	S	TTC	F	nonsynonymous
NC_063383.1	136572	C	T	1	GAA	E	AAA	K	nonsynonymous
NC_063383.1	158698	C	T	-	-	-	-	-	intergenic
NC_063383.1	171808	C	T	2	TCA	S	TTA	L	nonsynonymous
NC_063383.1	15652	C	T	-	-	-	-	-	intergenic
NC_063383.1	133867	C	T	-	-	-	-	-	intergenic
NC_063383.1	134247	C	T	-	-	-	-	-	intergenic
NC_063383.1	94097	C	T	3	TTC	F	TTT	F	synonymous
NC_063383.1	144330	C	T	-	-	-	-	-	intergenic
NC_063383.1	165278	C	T	1	CAT	H	TAT	Y	nonsynonymous
NC_063383.1	139646	C	T	1	GAA	E	AAA	K	nonsynonymous
NC_063383.1	65571	C	T	1	CTA	L	TTA	L	synonymous
NC_063383.1	134205	C	T	-	-	-	-	-	intergenic
NC_063383.1	143074	C	T	3	TTC	F	TTT	F	synonymous
NC_063383.1	23599	C	T	1	GAT	D	AAT	N	nonsynonymous
NC_063383.1	24443	C	T	1	GAA	E	AAA	K	nonsynonymous
NC_063383.1	24485	C	T	1	GAG	E	AAG	K	nonsynonymous
NC_063383.1	25148	C	T	1	GAT	D	AAT	N	nonsynonymous
NC_063383.1	25768	C	T	-	-	-	-	-	intergenic
NC_063383.1	25882	C	T	1	GAT	D	AAT	N	nonsynonymous
NC_063383.1	25914	C	T	2	AGA	R	AAA	K	nonsynonymous
NC_063383.1	76758	C	T	1	GAT	D	AAT	N	nonsynonymous
NC_063383.1	105794	C	T	1	GAC	D	AAC	N	nonsynonymous
NC_063383.1	146816	C	T	-	-	-	-	-	intergenic
NC_063383.1	16362	C	T	1	GAA	E	AAA	K	nonsynonymous
NC_063383.1	24621	C	T	3	TCG	S	TCA	S	synonymous
NC_063383.1	32772	C	T	2	AGA	R	AAA	K	nonsynonymous
NC_063383.1	7201	C	T	-	-	-	-	-	intergenic
NC_063383.1	132698	C	T	-	-	-	-	-	intergenic
NC_063383.1	107442	C	T	3	CTG	L	CTA	L	synonymous
NC_063383.1	135738	C	T	-	-	-	-	-	intergenic
NC_063383.1	20709	C	T	2	AGA	R	AAA	K	nonsynonymous
NC_063383.1	118330	C	T	1	GAG	E	AAG	K	nonsynonymous
NC_063383.1	115572	C	T	2	CGA	R	CAA	Q	nonsynonymous
NC_063383.1	77462	C	T	2	TCC	S	TTC	F	nonsynonymous
NC_063383.1	183220	C	T	2	TCC	S	TTC	F	nonsynonymous
NC_063383.1	83660	C	T	3	TTC	F	TTT	F	synonymous
NC_063383.1	164096	C	T	2	TCA	S	TTA	L	nonsynonymous
NC_063383.1	188683	C	T	-	-	-	-	-	intergenic
NC_063383.1	190269	C	T	-	-	-	-	-	intergenic
NC_063383.1	19894	C	T	1	GAT	D	AAT	N	nonsynonymous
NC_063383.1	41219	C	T	3	ATG	M	ATA	I	nonsynonymous
NC_063383.1	89344	C	T	2	CGA	R	CAA	Q	nonsynonymous
NC_063383.1	814	C	T	-	-	-	-	-	intergenic
NC_063383.1	153993	C	T	3	GTC	V	GTT	V	synonymous
NC_063383.1	178569	C	T	-	-	-	-	-	intergenic
NC_063383.1	118683	C	T	2	AGA	R	AAA	K	nonsynonymous
NC_063383.1	78232	C	T	3	TTC	F	TTT	F	synonymous
NC_063383.1	99954	C	T	3	ATC	I	ATT	I	synonymous
NC_063383.1	1860	C	T	1	GAC	D	AAC	N	nonsynonymous
NC_063383.1	47811	C	T	-	-	-	-	-	intergenic
NC_063383.1	132940	C	T	-	-	-	-	-	intergenic
NC_063383.1	143551	C	T	3	TTC	F	TTT	F	synonymous
NC_063383.1	27537	C	T	2	AGA	R	AAA	K	nonsynonymous
NC_063383.1	82676	C	T	3	CTC	L	CTT	L	synonymous
NC_063383.1	47537	C	T	-	-	-	-	-	intergenic
NC_063383.1	182950	C	T	2	TCG	S	TTG	L	nonsynonymous
NC_063383.1	10484	C	T	3	CTG	L	CTA	L	synonymous
NC_063383.1	10484	C	T	3	CTG	L	CTA	L	synonymous
NC_063383.1	76334	C	T	2	AGA	R	AAA	K	nonsynonymous
NC_063383.1	18027	C	T	1	GAT	D	AAT	N	nonsynonymous
NC_063383.1	24995	C	T	1	GAC	D	AAC	N	nonsynonymous
NC_063383.1	139901	C	T	2	TCT	S	TTT	F	nonsynonymous
NC_063383.1	10672	C	T	1	GAG	E	AAG	K	nonsynonymous
NC_063383.1	91067	C	T	2	TCA	S	TTA	L	nonsynonymous
NC_063383.1	17437	C	T	1	GAG	E	AAG	K	nonsynonymous
NC_063383.1	164272	C	T	1	CGT	R	TGT	C	nonsynonymous
NC_063383.1	38095	C	T	1	GAC	D	AAC	N	nonsynonymous
NC_063383.1	64467	C	T	1	GAT	D	AAT	N	nonsynonymous
NC_063383.1	172259	C	T	2	TCG	S	TTG	L	nonsynonymous
NC_063383.1	188381	C	T	-	-	-	-	-	intergenic
NC_063383.1	188252	C	T	-	-	-	-	-	intergenic
NC_063383.1	122511	C	T	1	GAG	E	AAG	K	nonsynonymous
NC_063383.1	153984	C	T	3	ATC	I	ATT	I	synonymous
NC_063383.1	134814	C	T	-	-	-	-	-	intergenic
NC_063383.1	151411	C	T	-	-	-	-	-	intergenic
NC_063383.1	57790	C	T	2	AGA	R	AAA	K	nonsynonymous
NC_063383.1	124213	C	T	3	GTC	V	GTT	V	synonymous
NC_063383.1	40275	C	T	1	GAT	D	AAT	N	nonsynonymous
NC_063383.1	61013	C	T	1	GAT	D	AAT	N	nonsynonymous
NC_063383.1	124902	C	T	2	TCA	S	TTA	L	nonsynonymous
NC_063383.1	134453	C	T	-	-	-	-	-	intergenic
NC_063383.1	144546	C	T	2	TCT	S	TTT	F	nonsynonymous
NC_063383.1	98368	C	T	1	CTG	L	TTG	L	synonymous
NC_063383.1	30283	C	T	3	CCG	P	CCA	P	synonymous
NC_063383.1	165782	C	T	1	CCA	P	TCA	S	nonsynonymous
NC_063383.1	28818	C	T	1	GAA	E	AAA	K	nonsynonymous
NC_063383.1	151626	C	T	1	CAG	Q	TAG	*	nonsense
NC_063383.1	134052	C	T	-	-	-	-	-	intergenic
NC_063383.1	141458	C	T	3	TTC	F	TTT	F	synonymous
NC_063383.1	144199	C	T	3	CTC	L	CTT	L	synonymous
NC_063383.1	174321	C	T	-	-	-	-	-	intergenic
NC_063383.1	127215	C	T	3	TTC	F	TTT	F	synonymous
NC_063383.1	127215	C	T	3	TTC	F	TTT	F	synonymous
NC_063383.1	17810	C	T	3	ATG	M	ATA	I	nonsynonymous
NC_063383.1	157792	C	T	-	-	-	-	-	intergenic
NC_063383.1	45108	C	T	2	AGA	R	AAA	K	nonsynonymous
NC_063383.1	120638	C	T	3	AAG	K	AAA	K	synonymous
NC_063383.1	16125	C	T	1	GAG	E	AAG	K	nonsynonymous
NC_063383.1	138426	C	T	3	CAG	Q	CAA	Q	synonymous
NC_063383.1	138956	C	T	1	GAA	E	AAA	K	nonsynonymous
NC_063383.1	136299	C	T	1	GAT	D	AAT	N	nonsynonymous
NC_063383.1	183604	C	T	2	TCA	S	TTA	L	nonsynonymous
NC_063383.1	24731	C	T	1	GAT	D	AAT	N	nonsynonymous
NC_063383.1	153104	C	T	2	TCT	S	TTT	F	nonsynonymous
NC_063383.1	24824	C	T	1	GAT	D	AAT	N	nonsynonymous
NC_063383.1	127628	C	T	1	CCG	P	TCG	S	nonsynonymous
NC_063383.1	133864	C	T	-	-	-	-	-	intergenic
NC_063383.1	162826	C	T	1	CAT	H	TAT	Y	nonsynonymous
NC_063383.1	118296	C	T	2	AGA	R	AAA	K	nonsynonymous
NC_063383.1	21128	C	T	1	GAA	E	AAA	K	nonsynonymous
NC_063383.1	7259	C	T	-	-	-	-	-	intergenic
NC_063383.1	33832	C	T	2	CGA	R	CAA	Q	nonsynonymous
NC_063383.1	147011	C	T	3	ATC	I	ATT	I	synonymous
NC_063383.1	46125	C	T	2	AGA	R	AAA	K	nonsynonymous
NC_063383.1	4629	C	T	-	-	-	-	-	intergenic
NC_063383.1	55075	C	T	1	GAC	D	AAC	N	nonsynonymous
NC_063383.1	127220	C	T	2	TCA	S	TTA	L	nonsynonymous
NC_063383.1	127220	C	T	2	TCA	S	TTA	L	nonsynonymous
NC_063383.1	144527	C	T	1	CCT	P	TCT	S	nonsynonymous
